property_url,mls,mls_id,status,style,street,unit,city,state,zip_code,beds,full_baths,half_baths,sqft,year_built,days_on_mls,list_price,list_date,sold_price,last_sold_date,lot_sqft,price_per_sqft,latitude,longitude,stories,hoa_fee,parking_garage,primary_photo,alt_photos
https://www.realtor.com/realestateandhomes-detail/1409938978,SDCA,240000332,SOLD,SINGLE_FAMILY,7541  Milky Way Pt,,San Diego,CA,92120,4,2,,1647,1990,55,937000,2024-01-04,910000,2024-02-28,6970,553,32.803541,-117.063548,1,0,2,http://ap.rdcpix.com/b1bde8c03d1922d0710588440320c334l-m721506826od-w480_h360_x2.webp?w=1080&q=75,"http://ap.rdcpix.com/b1bde8c03d1922d0710588440320c334l-m721506826od-w480_h360_x2.webp?w=1080&q=75, http://ap.rdcpix.com/b1bde8c03d1922d0710588440320c334l-m2476185651od-w480_h360_x2.webp?w=1080&q=75, http://ap.rdcpix.com/b1bde8c03d1922d0710588440320c334l-m2846905358od-w480_h360_x2.webp?w=1080&q=75, http://ap.rdcpix.com/b1bde8c03d1922d0710588440320c334l-m2045633351od-w480_h360_x2.webp?w=1080&q=75, http://ap.rdcpix.com/b1bde8c03d1922d0710588440320c334l-m1006940291od-w480_h360_x2.webp?w=1080&q=75, http://ap.rdcpix.com/b1bde8c03d1922d0710588440320c334l-m2402558612od-w480_h360_x2.webp?w=1080&q=75, http://ap.rdcpix.com/b1bde8c03d1922d0710588440320c334l-m2029217302od-w480_h360_x2.webp?w=1080&q=75, http://ap.rdcpix.com/b1bde8c03d1922d0710588440320c334l-m2976137894od-w480_h360_x2.webp?w=1080&q=75, http://ap.rdcpix.com/b1bde8c03d1922d0710588440320c334l-m2094012964od-w480_h360_x2.webp?w=1080&q=75, http://ap.rdcpix.com/b1bde8c03d1922d0710588440320c334l-m3849965783od-w480_h360_x2.webp?w=1080&q=75, http://ap.rdcpix.com/b1bde8c03d1922d0710588440320c334l-m3083886797od-w480_h360_x2.webp?w=1080&q=75, http://ap.rdcpix.com/b1bde8c03d1922d0710588440320c334l-m2132947680od-w480_h360_x2.webp?w=1080&q=75, http://ap.rdcpix.com/b1bde8c03d1922d0710588440320c334l-m3068489671od-w480_h360_x2.webp?w=1080&q=75, http://ap.rdcpix.com/b1bde8c03d1922d0710588440320c334l-m4042601953od-w480_h360_x2.webp?w=1080&q=75, http://ap.rdcpix.com/b1bde8c03d1922d0710588440320c334l-m2633081590od-w480_h360_x2.webp?w=1080&q=75, http://ap.rdcpix.com/b1bde8c03d1922d0710588440320c334l-m263131687od-w480_h360_x2.webp?w=1080&q=75, http://ap.rdcpix.com/b1bde8c03d1922d0710588440320c334l-m3631127221od-w480_h360_x2.webp?w=1080&q=75, http://ap.rdcpix.com/b1bde8c03d1922d0710588440320c334l-m3488128721od-w480_h360_x2.webp?w=1080&q=75, http://ap.rdcpix.com/b1bde8c03d1922d0710588440320c334l-m3891464944od-w480_h360_x2.webp?w=1080&q=75, http://ap.rdcpix.com/b1bde8c03d1922d0710588440320c334l-m3881562373od-w480_h360_x2.webp?w=1080&q=75, http://ap.rdcpix.com/b1bde8c03d1922d0710588440320c334l-m3228015719od-w480_h360_x2.webp?w=1080&q=75, http://ap.rdcpix.com/b1bde8c03d1922d0710588440320c334l-m808995019od-w480_h360_x2.webp?w=1080&q=75, http://ap.rdcpix.com/b1bde8c03d1922d0710588440320c334l-m1365418016od-w480_h360_x2.webp?w=1080&q=75, http://ap.rdcpix.com/b1bde8c03d1922d0710588440320c334l-m3242499400od-w480_h360_x2.webp?w=1080&q=75, http://ap.rdcpix.com/b1bde8c03d1922d0710588440320c334l-m84924106od-w480_h360_x2.webp?w=1080&q=75, http://ap.rdcpix.com/b1bde8c03d1922d0710588440320c334l-m608036560od-w480_h360_x2.webp?w=1080&q=75, http://ap.rdcpix.com/b1bde8c03d1922d0710588440320c334l-m395161794od-w480_h360_x2.webp?w=1080&q=75, http://ap.rdcpix.com/b1bde8c03d1922d0710588440320c334l-m4249980233od-w480_h360_x2.webp?w=1080&q=75, http://ap.rdcpix.com/b1bde8c03d1922d0710588440320c334l-m2167660961od-w480_h360_x2.webp?w=1080&q=75, http://ap.rdcpix.com/b1bde8c03d1922d0710588440320c334l-m2414435415od-w480_h360_x2.webp?w=1080&q=75, http://ap.rdcpix.com/b1bde8c03d1922d0710588440320c334l-m2957546129od-w480_h360_x2.webp?w=1080&q=75"
https://www.realtor.com/realestateandhomes-detail/2097555628,MRCA,NDP2308968,SOLD,SINGLE_FAMILY,1551  Beryl St,,San Diego,CA,92109,3,2,,1494,1948,44,1650000,2023-11-20,1425000,2024-01-03,6300,954,32.805946,-117.243496,1,0,2,http://ap.rdcpix.com/2f1f450f02bd1e6954d1c94090bc3404l-m3506556993od-w480_h360_x2.webp?w=1080&q=75,"http://ap.rdcpix.com/2f1f450f02bd1e6954d1c94090bc3404l-m3506556993od-w480_h360_x2.webp?w=1080&q=75, http://ap.rdcpix.com/2f1f450f02bd1e6954d1c94090bc3404l-m2797074791od-w480_h360_x2.webp?w=1080&q=75, http://ap.rdcpix.com/2f1f450f02bd1e6954d1c94090bc3404l-m499470057od-w480_h360_x2.webp?w=1080&q=75, http://ap.rdcpix.com/2f1f450f02bd1e6954d1c94090bc3404l-m2422571419od-w480_h360_x2.webp?w=1080&q=75, http://ap.rdcpix.com/2f1f450f02bd1e6954d1c94090bc3404l-m3729646380od-w480_h360_x2.webp?w=1080&q=75, http://ap.rdcpix.com/2f1f450f02bd1e6954d1c94090bc3404l-m3663385921od-w480_h360_x2.webp?w=1080&q=75"
https://www.realtor.com/realestateandhomes-detail/2238708713,SDCA,230020869,SOLD,TOWNHOMES,5526  Santa Alicia,,San Diego,CA,92154,3,2,1,1334,2018,69,599000,2023-10-21,620000,2023-12-29,,465,32.563411,-117.012298,2,320,2,http://ap.rdcpix.com/7d34587bc6c59b461909a4bedff063bbl-m2195528524od-w480_h360_x2.webp?w=1080&q=75,"http://ap.rdcpix.com/7d34587bc6c59b461909a4bedff063bbl-m2195528524od-w480_h360_x2.webp?w=1080&q=75, http://ap.rdcpix.com/7d34587bc6c59b461909a4bedff063bbl-m2134828778od-w480_h360_x2.webp?w=1080&q=75, http://ap.rdcpix.com/7d34587bc6c59b461909a4bedff063bbl-m2175478543od-w480_h360_x2.webp?w=1080&q=75, http://ap.rdcpix.com/7d34587bc6c59b461909a4bedff063bbl-m3538045154od-w480_h360_x2.webp?w=1080&q=75, http://ap.rdcpix.com/7d34587bc6c59b461909a4bedff063bbl-m2542897962od-w480_h360_x2.webp?w=1080&q=75, http://ap.rdcpix.com/7d34587bc6c59b461909a4bedff063bbl-m2581797266od-w480_h360_x2.webp?w=1080&q=75, http://ap.rdcpix.com/7d34587bc6c59b461909a4bedff063bbl-m1613441167od-w480_h360_x2.webp?w=1080&q=75, http://ap.rdcpix.com/7d34587bc6c59b461909a4bedff063bbl-m3227456452od-w480_h360_x2.webp?w=1080&q=75, http://ap.rdcpix.com/7d34587bc6c59b461909a4bedff063bbl-m1658733874od-w480_h360_x2.webp?w=1080&q=75, http://ap.rdcpix.com/7d34587bc6c59b461909a4bedff063bbl-m1438215196od-w480_h360_x2.webp?w=1080&q=75, http://ap.rdcpix.com/7d34587bc6c59b461909a4bedff063bbl-m711283425od-w480_h360_x2.webp?w=1080&q=75, http://ap.rdcpix.com/7d34587bc6c59b461909a4bedff063bbl-m3011532742od-w480_h360_x2.webp?w=1080&q=75, http://ap.rdcpix.com/7d34587bc6c59b461909a4bedff063bbl-m726199357od-w480_h360_x2.webp?w=1080&q=75, http://ap.rdcpix.com/7d34587bc6c59b461909a4bedff063bbl-m1592399666od-w480_h360_x2.webp?w=1080&q=75, http://ap.rdcpix.com/7d34587bc6c59b461909a4bedff063bbl-m1644911846od-w480_h360_x2.webp?w=1080&q=75, http://ap.rdcpix.com/7d34587bc6c59b461909a4bedff063bbl-m3177205644od-w480_h360_x2.webp?w=1080&q=75, http://ap.rdcpix.com/7d34587bc6c59b461909a4bedff063bbl-m3323627670od-w480_h360_x2.webp?w=1080&q=75, http://ap.rdcpix.com/7d34587bc6c59b461909a4bedff063bbl-m3379795533od-w480_h360_x2.webp?w=1080&q=75, http://ap.rdcpix.com/7d34587bc6c59b461909a4bedff063bbl-m2794898523od-w480_h360_x2.webp?w=1080&q=75, http://ap.rdcpix.com/7d34587bc6c59b461909a4bedff063bbl-m3207946533od-w480_h360_x2.webp?w=1080&q=75, http://ap.rdcpix.com/7d34587bc6c59b461909a4bedff063bbl-m368152673od-w480_h360_x2.webp?w=1080&q=75, http://ap.rdcpix.com/7d34587bc6c59b461909a4bedff063bbl-m503148539od-w480_h360_x2.webp?w=1080&q=75, http://ap.rdcpix.com/7d34587bc6c59b461909a4bedff063bbl-m1691961803od-w480_h360_x2.webp?w=1080&q=75, http://ap.rdcpix.com/7d34587bc6c59b461909a4bedff063bbl-m2154478778od-w480_h360_x2.webp?w=1080&q=75, http://ap.rdcpix.com/7d34587bc6c59b461909a4bedff063bbl-m3250336548od-w480_h360_x2.webp?w=1080&q=75, http://ap.rdcpix.com/7d34587bc6c59b461909a4bedff063bbl-m2392527222od-w480_h360_x2.webp?w=1080&q=75, http://ap.rdcpix.com/7d34587bc6c59b461909a4bedff063bbl-m3419964729od-w480_h360_x2.webp?w=1080&q=75, http://ap.rdcpix.com/7d34587bc6c59b461909a4bedff063bbl-m2588820377od-w480_h360_x2.webp?w=1080&q=75, http://ap.rdcpix.com/7d34587bc6c59b461909a4bedff063bbl-m1548750617od-w480_h360_x2.webp?w=1080&q=75, http://ap.rdcpix.com/7d34587bc6c59b461909a4bedff063bbl-m4125262033od-w480_h360_x2.webp?w=1080&q=75, http://ap.rdcpix.com/7d34587bc6c59b461909a4bedff063bbl-m1978081055od-w480_h360_x2.webp?w=1080&q=75, http://ap.rdcpix.com/7d34587bc6c59b461909a4bedff063bbl-m2556675174od-w480_h360_x2.webp?w=1080&q=75, http://ap.rdcpix.com/7d34587bc6c59b461909a4bedff063bbl-m3475618708od-w480_h360_x2.webp?w=1080&q=75"
https://www.realtor.com/realestateandhomes-detail/2328817183,MRCA,NDP2308311,SOLD,CONDOS,6202  Friars Rd,Unit 305,San Diego,CA,92108,0,1,,432,1972,62,365000,2023-10-26,360000,2023-12-27,550803,833,32.766879,-117.180385,3,301,1,http://ap.rdcpix.com/5aa40a94f797409757df6825456c2e05l-b2606354972od-w480_h360_x2.webp?w=1080&q=75,"http://ap.rdcpix.com/5aa40a94f797409757df6825456c2e05l-b2606354972od-w480_h360_x2.webp?w=1080&q=75, http://ap.rdcpix.com/5aa40a94f797409757df6825456c2e05l-b3586492880od-w480_h360_x2.webp?w=1080&q=75, http://ap.rdcpix.com/5aa40a94f797409757df6825456c2e05l-b639861385od-w480_h360_x2.webp?w=1080&q=75"
https://www.realtor.com/realestateandhomes-detail/1735299698,MRCA,PTP2303082,SOLD,LAND,Averil Rd,,San Diego,CA,92173,,,,,,169,850000,2023-06-28,700000,2023-12-14,14240,,32.55843,-117.053967,,0,,http://ap.rdcpix.com/031221da4d5c5ac4625234acfc3000d3l-m2221031062od-w480_h360_x2.webp?w=1080&q=75,"http://ap.rdcpix.com/031221da4d5c5ac4625234acfc3000d3l-m2221031062od-w480_h360_x2.webp?w=1080&q=75, http://ap.rdcpix.com/031221da4d5c5ac4625234acfc3000d3l-m1026261568od-w480_h360_x2.webp?w=1080&q=75, http://ap.rdcpix.com/031221da4d5c5ac4625234acfc3000d3l-m4248369761od-w480_h360_x2.webp?w=1080&q=75, http://ap.rdcpix.com/031221da4d5c5ac4625234acfc3000d3l-m2844332932od-w480_h360_x2.webp?w=1080&q=75, http://ap.rdcpix.com/031221da4d5c5ac4625234acfc3000d3l-m4185248823od-w480_h360_x2.webp?w=1080&q=75"
https://www.realtor.com/realestateandhomes-detail/1931252247,MRCA,NDP2306843,SOLD,SINGLE_FAMILY,4676  Adams Ave,,San Diego,CA,92115,3,2,,2215,1942,60,1379000,2023-09-01,1225000,2023-10-31,12101,553,32.762414,-117.09272,1,0,2,http://ap.rdcpix.com/da603b725b6a05dd844db6077aa87f21l-m374259652od-w480_h360_x2.webp?w=1080&q=75,"http://ap.rdcpix.com/da603b725b6a05dd844db6077aa87f21l-m374259652od-w480_h360_x2.webp?w=1080&q=75, http://ap.rdcpix.com/da603b725b6a05dd844db6077aa87f21l-m3224156496od-w480_h360_x2.webp?w=1080&q=75, http://ap.rdcpix.com/da603b725b6a05dd844db6077aa87f21l-m1940442515od-w480_h360_x2.webp?w=1080&q=75, http://ap.rdcpix.com/da603b725b6a05dd844db6077aa87f21l-m3146028072od-w480_h360_x2.webp?w=1080&q=75, http://ap.rdcpix.com/da603b725b6a05dd844db6077aa87f21l-m1616315244od-w480_h360_x2.webp?w=1080&q=75, http://ap.rdcpix.com/da603b725b6a05dd844db6077aa87f21l-m2394641700od-w480_h360_x2.webp?w=1080&q=75, http://ap.rdcpix.com/da603b725b6a05dd844db6077aa87f21l-m1116523449od-w480_h360_x2.webp?w=1080&q=75, http://ap.rdcpix.com/da603b725b6a05dd844db6077aa87f21l-m3053637265od-w480_h360_x2.webp?w=1080&q=75, http://ap.rdcpix.com/da603b725b6a05dd844db6077aa87f21l-m999370424od-w480_h360_x2.webp?w=1080&q=75, http://ap.rdcpix.com/da603b725b6a05dd844db6077aa87f21l-m1459434525od-w480_h360_x2.webp?w=1080&q=75, http://ap.rdcpix.com/da603b725b6a05dd844db6077aa87f21l-m4210252889od-w480_h360_x2.webp?w=1080&q=75, http://ap.rdcpix.com/da603b725b6a05dd844db6077aa87f21l-m2834345894od-w480_h360_x2.webp?w=1080&q=75, http://ap.rdcpix.com/da603b725b6a05dd844db6077aa87f21l-m3401625296od-w480_h360_x2.webp?w=1080&q=75, http://ap.rdcpix.com/da603b725b6a05dd844db6077aa87f21l-m6103411od-w480_h360_x2.webp?w=1080&q=75, http://ap.rdcpix.com/da603b725b6a05dd844db6077aa87f21l-m4024392869od-w480_h360_x2.webp?w=1080&q=75, http://ap.rdcpix.com/da603b725b6a05dd844db6077aa87f21l-m867586905od-w480_h360_x2.webp?w=1080&q=75, http://ap.rdcpix.com/da603b725b6a05dd844db6077aa87f21l-m1015350161od-w480_h360_x2.webp?w=1080&q=75, http://ap.rdcpix.com/da603b725b6a05dd844db6077aa87f21l-m2469719786od-w480_h360_x2.webp?w=1080&q=75, http://ap.rdcpix.com/da603b725b6a05dd844db6077aa87f21l-m2659021632od-w480_h360_x2.webp?w=1080&q=75, http://ap.rdcpix.com/da603b725b6a05dd844db6077aa87f21l-m2634348465od-w480_h360_x2.webp?w=1080&q=75, http://ap.rdcpix.com/da603b725b6a05dd844db6077aa87f21l-m1442436127od-w480_h360_x2.webp?w=1080&q=75, http://ap.rdcpix.com/da603b725b6a05dd844db6077aa87f21l-m1020925948od-w480_h360_x2.webp?w=1080&q=75, http://ap.rdcpix.com/da603b725b6a05dd844db6077aa87f21l-m1830204299od-w480_h360_x2.webp?w=1080&q=75, http://ap.rdcpix.com/da603b725b6a05dd844db6077aa87f21l-m3582537219od-w480_h360_x2.webp?w=1080&q=75, http://ap.rdcpix.com/da603b725b6a05dd844db6077aa87f21l-m3140207482od-w480_h360_x2.webp?w=1080&q=75, http://ap.rdcpix.com/da603b725b6a05dd844db6077aa87f21l-m2630499105od-w480_h360_x2.webp?w=1080&q=75, http://ap.rdcpix.com/da603b725b6a05dd844db6077aa87f21l-m934091609od-w480_h360_x2.webp?w=1080&q=75, http://ap.rdcpix.com/da603b725b6a05dd844db6077aa87f21l-m3628265674od-w480_h360_x2.webp?w=1080&q=75, http://ap.rdcpix.com/da603b725b6a05dd844db6077aa87f21l-m3903935208od-w480_h360_x2.webp?w=1080&q=75, http://ap.rdcpix.com/da603b725b6a05dd844db6077aa87f21l-m2881090800od-w480_h360_x2.webp?w=1080&q=75, http://ap.rdcpix.com/da603b725b6a05dd844db6077aa87f21l-m1635237869od-w480_h360_x2.webp?w=1080&q=75, http://ap.rdcpix.com/da603b725b6a05dd844db6077aa87f21l-m4112254188od-w480_h360_x2.webp?w=1080&q=75, http://ap.rdcpix.com/da603b725b6a05dd844db6077aa87f21l-m1773549741od-w480_h360_x2.webp?w=1080&q=75"
https://www.realtor.com/realestateandhomes-detail/1268853268,MRCA,PTP2305080,SOLD,SINGLE_FAMILY,7149  Jamacha Rd,,San Diego,CA,92114,3,2,,976,1941,14,500000,2023-10-17,515000,2023-10-31,11465,528,32.710469,-117.044309,1,0,,http://ap.rdcpix.com/45145d6d5c242d947c5da27cc1b4afe9l-m3150791446od-w480_h360_x2.webp?w=1080&q=75,"http://ap.rdcpix.com/45145d6d5c242d947c5da27cc1b4afe9l-m3150791446od-w480_h360_x2.webp?w=1080&q=75, http://ap.rdcpix.com/45145d6d5c242d947c5da27cc1b4afe9l-m664717622od-w480_h360_x2.webp?w=1080&q=75, http://ap.rdcpix.com/45145d6d5c242d947c5da27cc1b4afe9l-m1462851680od-w480_h360_x2.webp?w=1080&q=75, http://ap.rdcpix.com/45145d6d5c242d947c5da27cc1b4afe9l-m2272781367od-w480_h360_x2.webp?w=1080&q=75, http://ap.rdcpix.com/45145d6d5c242d947c5da27cc1b4afe9l-m1462851680od-w480_h360_x2.webp?w=1080&q=75, http://ap.rdcpix.com/45145d6d5c242d947c5da27cc1b4afe9l-m2392403222od-w480_h360_x2.webp?w=1080&q=75, http://ap.rdcpix.com/45145d6d5c242d947c5da27cc1b4afe9l-m2908337594od-w480_h360_x2.webp?w=1080&q=75, http://ap.rdcpix.com/45145d6d5c242d947c5da27cc1b4afe9l-m1203444034od-w480_h360_x2.webp?w=1080&q=75, http://ap.rdcpix.com/45145d6d5c242d947c5da27cc1b4afe9l-m1495923892od-w480_h360_x2.webp?w=1080&q=75, http://ap.rdcpix.com/45145d6d5c242d947c5da27cc1b4afe9l-m185879172od-w480_h360_x2.webp?w=1080&q=75, http://ap.rdcpix.com/45145d6d5c242d947c5da27cc1b4afe9l-m2089822008od-w480_h360_x2.webp?w=1080&q=75, http://ap.rdcpix.com/45145d6d5c242d947c5da27cc1b4afe9l-m3073812818od-w480_h360_x2.webp?w=1080&q=75, http://ap.rdcpix.com/45145d6d5c242d947c5da27cc1b4afe9l-m1955984102od-w480_h360_x2.webp?w=1080&q=75, http://ap.rdcpix.com/45145d6d5c242d947c5da27cc1b4afe9l-m1677883511od-w480_h360_x2.webp?w=1080&q=75, http://ap.rdcpix.com/45145d6d5c242d947c5da27cc1b4afe9l-m1297937957od-w480_h360_x2.webp?w=1080&q=75"
https://www.realtor.com/realestateandhomes-detail/1722342522,SDCA,230012228,SOLD,SINGLE_FAMILY,7475  Timberwood Pl,,San Diego,CA,92139,3,2,,1872,1981,93,675000,2023-06-26,652000,2023-09-27,7316,348,32.690627,-117.031027,1,,2,http://ap.rdcpix.com/017093a0296eb5bde3eeb98e395f26d1l-m3236944585od-w480_h360_x2.webp?w=1080&q=75,"http://ap.rdcpix.com/017093a0296eb5bde3eeb98e395f26d1l-m3236944585od-w480_h360_x2.webp?w=1080&q=75, http://ap.rdcpix.com/017093a0296eb5bde3eeb98e395f26d1l-m3988921760od-w480_h360_x2.webp?w=1080&q=75, http://ap.rdcpix.com/017093a0296eb5bde3eeb98e395f26d1l-m4150878956od-w480_h360_x2.webp?w=1080&q=75, http://ap.rdcpix.com/017093a0296eb5bde3eeb98e395f26d1l-m4283460270od-w480_h360_x2.webp?w=1080&q=75, http://ap.rdcpix.com/017093a0296eb5bde3eeb98e395f26d1l-m3285774519od-w480_h360_x2.webp?w=1080&q=75, http://ap.rdcpix.com/017093a0296eb5bde3eeb98e395f26d1l-m3293357622od-w480_h360_x2.webp?w=1080&q=75, http://ap.rdcpix.com/017093a0296eb5bde3eeb98e395f26d1l-m2503932369od-w480_h360_x2.webp?w=1080&q=75, http://ap.rdcpix.com/017093a0296eb5bde3eeb98e395f26d1l-m3161313136od-w480_h360_x2.webp?w=1080&q=75, http://ap.rdcpix.com/017093a0296eb5bde3eeb98e395f26d1l-m3647634333od-w480_h360_x2.webp?w=1080&q=75, http://ap.rdcpix.com/017093a0296eb5bde3eeb98e395f26d1l-m3184273792od-w480_h360_x2.webp?w=1080&q=75, http://ap.rdcpix.com/017093a0296eb5bde3eeb98e395f26d1l-m1528596678od-w480_h360_x2.webp?w=1080&q=75, http://ap.rdcpix.com/017093a0296eb5bde3eeb98e395f26d1l-m3027078708od-w480_h360_x2.webp?w=1080&q=75, http://ap.rdcpix.com/017093a0296eb5bde3eeb98e395f26d1l-m3012322294od-w480_h360_x2.webp?w=1080&q=75, http://ap.rdcpix.com/017093a0296eb5bde3eeb98e395f26d1l-m4032103928od-w480_h360_x2.webp?w=1080&q=75, http://ap.rdcpix.com/017093a0296eb5bde3eeb98e395f26d1l-m2961764663od-w480_h360_x2.webp?w=1080&q=75, http://ap.rdcpix.com/017093a0296eb5bde3eeb98e395f26d1l-m762857196od-w480_h360_x2.webp?w=1080&q=75, http://ap.rdcpix.com/017093a0296eb5bde3eeb98e395f26d1l-m1492773923od-w480_h360_x2.webp?w=1080&q=75, http://ap.rdcpix.com/017093a0296eb5bde3eeb98e395f26d1l-m1736266945od-w480_h360_x2.webp?w=1080&q=75, http://ap.rdcpix.com/017093a0296eb5bde3eeb98e395f26d1l-m454107818od-w480_h360_x2.webp?w=1080&q=75, http://ap.rdcpix.com/017093a0296eb5bde3eeb98e395f26d1l-m3195686871od-w480_h360_x2.webp?w=1080&q=75, http://ap.rdcpix.com/017093a0296eb5bde3eeb98e395f26d1l-m4172588963od-w480_h360_x2.webp?w=1080&q=75, http://ap.rdcpix.com/017093a0296eb5bde3eeb98e395f26d1l-m968116329od-w480_h360_x2.webp?w=1080&q=75, http://ap.rdcpix.com/017093a0296eb5bde3eeb98e395f26d1l-m3412227705od-w480_h360_x2.webp?w=1080&q=75, http://ap.rdcpix.com/017093a0296eb5bde3eeb98e395f26d1l-m2365281068od-w480_h360_x2.webp?w=1080&q=75, http://ap.rdcpix.com/017093a0296eb5bde3eeb98e395f26d1l-m4292842587od-w480_h360_x2.webp?w=1080&q=75, http://ap.rdcpix.com/017093a0296eb5bde3eeb98e395f26d1l-m1407737950od-w480_h360_x2.webp?w=1080&q=75, http://ap.rdcpix.com/017093a0296eb5bde3eeb98e395f26d1l-m1247810967od-w480_h360_x2.webp?w=1080&q=75, http://ap.rdcpix.com/017093a0296eb5bde3eeb98e395f26d1l-m2845471564od-w480_h360_x2.webp?w=1080&q=75, http://ap.rdcpix.com/017093a0296eb5bde3eeb98e395f26d1l-m1930842937od-w480_h360_x2.webp?w=1080&q=75, http://ap.rdcpix.com/017093a0296eb5bde3eeb98e395f26d1l-m638874376od-w480_h360_x2.webp?w=1080&q=75, http://ap.rdcpix.com/017093a0296eb5bde3eeb98e395f26d1l-m1360350256od-w480_h360_x2.webp?w=1080&q=75"
https://www.realtor.com/realestateandhomes-detail/1992144828,MRCA,MC23132885,SOLD,SINGLE_FAMILY,13909  Carmel Ridge Rd,,San Diego,CA,92128,4,3,1,2323,1991,43,1250000,2023-07-19,1128750,2023-08-31,6795,486,32.973195,-117.077413,2,49,2,http://ap.rdcpix.com/af12a6d5cdd241f365c601ec7702d67cl-m1357579423od-w480_h360_x2.webp?w=1080&q=75,"http://ap.rdcpix.com/af12a6d5cdd241f365c601ec7702d67cl-m1357579423od-w480_h360_x2.webp?w=1080&q=75, http://ap.rdcpix.com/af12a6d5cdd241f365c601ec7702d67cl-m723443543od-w480_h360_x2.webp?w=1080&q=75, http://ap.rdcpix.com/af12a6d5cdd241f365c601ec7702d67cl-m3402717352od-w480_h360_x2.webp?w=1080&q=75, http://ap.rdcpix.com/af12a6d5cdd241f365c601ec7702d67cl-m2337236110od-w480_h360_x2.webp?w=1080&q=75, http://ap.rdcpix.com/af12a6d5cdd241f365c601ec7702d67cl-m1822086356od-w480_h360_x2.webp?w=1080&q=75, http://ap.rdcpix.com/af12a6d5cdd241f365c601ec7702d67cl-m346704011od-w480_h360_x2.webp?w=1080&q=75, http://ap.rdcpix.com/af12a6d5cdd241f365c601ec7702d67cl-m1386295114od-w480_h360_x2.webp?w=1080&q=75, http://ap.rdcpix.com/af12a6d5cdd241f365c601ec7702d67cl-m2465707541od-w480_h360_x2.webp?w=1080&q=75, http://ap.rdcpix.com/af12a6d5cdd241f365c601ec7702d67cl-m2471454055od-w480_h360_x2.webp?w=1080&q=75, http://ap.rdcpix.com/af12a6d5cdd241f365c601ec7702d67cl-m3925025268od-w480_h360_x2.webp?w=1080&q=75"
https://www.realtor.com/realestateandhomes-detail/1513552819,MRCA,NDP2304865,SOLD,CONDOS,2049  Haller St,,San Diego,CA,92104,2,1,,874,1986,41,599900,2023-06-24,605000,2023-08-04,,692,32.726939,-117.11396,1,250,,http://ap.rdcpix.com/e76f3ea70bcdcb5055e26455bf0818b6l-m1561645093od-w480_h360_x2.webp?w=1080&q=75,"http://ap.rdcpix.com/e76f3ea70bcdcb5055e26455bf0818b6l-m1561645093od-w480_h360_x2.webp?w=1080&q=75, http://ap.rdcpix.com/e76f3ea70bcdcb5055e26455bf0818b6l-m3486787953od-w480_h360_x2.webp?w=1080&q=75, http://ap.rdcpix.com/e76f3ea70bcdcb5055e26455bf0818b6l-m1712248740od-w480_h360_x2.webp?w=1080&q=75, http://ap.rdcpix.com/e76f3ea70bcdcb5055e26455bf0818b6l-m2597716815od-w480_h360_x2.webp?w=1080&q=75, http://ap.rdcpix.com/e76f3ea70bcdcb5055e26455bf0818b6l-m3991900944od-w480_h360_x2.webp?w=1080&q=75, http://ap.rdcpix.com/e76f3ea70bcdcb5055e26455bf0818b6l-m2523973943od-w480_h360_x2.webp?w=1080&q=75, http://ap.rdcpix.com/e76f3ea70bcdcb5055e26455bf0818b6l-m2272880957od-w480_h360_x2.webp?w=1080&q=75, http://ap.rdcpix.com/e76f3ea70bcdcb5055e26455bf0818b6l-m2204956150od-w480_h360_x2.webp?w=1080&q=75, http://ap.rdcpix.com/e76f3ea70bcdcb5055e26455bf0818b6l-m4071829015od-w480_h360_x2.webp?w=1080&q=75, http://ap.rdcpix.com/e76f3ea70bcdcb5055e26455bf0818b6l-m3597757524od-w480_h360_x2.webp?w=1080&q=75, http://ap.rdcpix.com/e76f3ea70bcdcb5055e26455bf0818b6l-m848892208od-w480_h360_x2.webp?w=1080&q=75, http://ap.rdcpix.com/e76f3ea70bcdcb5055e26455bf0818b6l-m3232221989od-w480_h360_x2.webp?w=1080&q=75, http://ap.rdcpix.com/e76f3ea70bcdcb5055e26455bf0818b6l-m242956546od-w480_h360_x2.webp?w=1080&q=75, http://ap.rdcpix.com/e76f3ea70bcdcb5055e26455bf0818b6l-m2552243060od-w480_h360_x2.webp?w=1080&q=75, http://ap.rdcpix.com/e76f3ea70bcdcb5055e26455bf0818b6l-m4074754039od-w480_h360_x2.webp?w=1080&q=75, http://ap.rdcpix.com/e76f3ea70bcdcb5055e26455bf0818b6l-m2804905393od-w480_h360_x2.webp?w=1080&q=75, http://ap.rdcpix.com/e76f3ea70bcdcb5055e26455bf0818b6l-m2339823689od-w480_h360_x2.webp?w=1080&q=75, http://ap.rdcpix.com/e76f3ea70bcdcb5055e26455bf0818b6l-m2024264507od-w480_h360_x2.webp?w=1080&q=75, http://ap.rdcpix.com/e76f3ea70bcdcb5055e26455bf0818b6l-m2278451008od-w480_h360_x2.webp?w=1080&q=75, http://ap.rdcpix.com/e76f3ea70bcdcb5055e26455bf0818b6l-m24924963od-w480_h360_x2.webp?w=1080&q=75, http://ap.rdcpix.com/e76f3ea70bcdcb5055e26455bf0818b6l-m283333129od-w480_h360_x2.webp?w=1080&q=75, http://ap.rdcpix.com/e76f3ea70bcdcb5055e26455bf0818b6l-m2248066788od-w480_h360_x2.webp?w=1080&q=75, http://ap.rdcpix.com/e76f3ea70bcdcb5055e26455bf0818b6l-m162019867od-w480_h360_x2.webp?w=1080&q=75, http://ap.rdcpix.com/e76f3ea70bcdcb5055e26455bf0818b6l-m4240426405od-w480_h360_x2.webp?w=1080&q=75, http://ap.rdcpix.com/e76f3ea70bcdcb5055e26455bf0818b6l-m4179706819od-w480_h360_x2.webp?w=1080&q=75, http://ap.rdcpix.com/e76f3ea70bcdcb5055e26455bf0818b6l-m3237389603od-w480_h360_x2.webp?w=1080&q=75, http://ap.rdcpix.com/e76f3ea70bcdcb5055e26455bf0818b6l-m4190462752od-w480_h360_x2.webp?w=1080&q=75, http://ap.rdcpix.com/e76f3ea70bcdcb5055e26455bf0818b6l-m78876754od-w480_h360_x2.webp?w=1080&q=75, http://ap.rdcpix.com/e76f3ea70bcdcb5055e26455bf0818b6l-m1730296201od-w480_h360_x2.webp?w=1080&q=75, http://ap.rdcpix.com/e76f3ea70bcdcb5055e26455bf0818b6l-m1279526922od-w480_h360_x2.webp?w=1080&q=75, http://ap.rdcpix.com/e76f3ea70bcdcb5055e26455bf0818b6l-m1463734412od-w480_h360_x2.webp?w=1080&q=75, http://ap.rdcpix.com/e76f3ea70bcdcb5055e26455bf0818b6l-m437540094od-w480_h360_x2.webp?w=1080&q=75, http://ap.rdcpix.com/e76f3ea70bcdcb5055e26455bf0818b6l-m3063499348od-w480_h360_x2.webp?w=1080&q=75, http://ap.rdcpix.com/e76f3ea70bcdcb5055e26455bf0818b6l-m730602057od-w480_h360_x2.webp?w=1080&q=75, http://ap.rdcpix.com/e76f3ea70bcdcb5055e26455bf0818b6l-m2592562577od-w480_h360_x2.webp?w=1080&q=75, http://ap.rdcpix.com/e76f3ea70bcdcb5055e26455bf0818b6l-m3216776348od-w480_h360_x2.webp?w=1080&q=75, http://ap.rdcpix.com/e76f3ea70bcdcb5055e26455bf0818b6l-m3338143157od-w480_h360_x2.webp?w=1080&q=75, http://ap.rdcpix.com/e76f3ea70bcdcb5055e26455bf0818b6l-m3084524875od-w480_h360_x2.webp?w=1080&q=75, http://ap.rdcpix.com/e76f3ea70bcdcb5055e26455bf0818b6l-m3946069800od-w480_h360_x2.webp?w=1080&q=75, http://ap.rdcpix.com/e76f3ea70bcdcb5055e26455bf0818b6l-m107348961od-w480_h360_x2.webp?w=1080&q=75, http://ap.rdcpix.com/e76f3ea70bcdcb5055e26455bf0818b6l-m294154806od-w480_h360_x2.webp?w=1080&q=75, http://ap.rdcpix.com/e76f3ea70bcdcb5055e26455bf0818b6l-m3523022401od-w480_h360_x2.webp?w=1080&q=75, http://ap.rdcpix.com/e76f3ea70bcdcb5055e26455bf0818b6l-m2335597297od-w480_h360_x2.webp?w=1080&q=75, http://ap.rdcpix.com/e76f3ea70bcdcb5055e26455bf0818b6l-m1148380344od-w480_h360_x2.webp?w=1080&q=75, http://ap.rdcpix.com/e76f3ea70bcdcb5055e26455bf0818b6l-m1561645093od-w480_h360_x2.webp?w=1080&q=75"
https://www.realtor.com/realestateandhomes-detail/1274093275,SDCA,230010826,SOLD,CONDOS,13310  Caminito Ciera,Unit 184,San Diego,CA,92129,2,2,,889,1989,32,535000,2023-06-08,575000,2023-07-10,,647,32.959731,-117.103181,1,385,,http://ap.rdcpix.com/63d0ca443292d3d8da154c42fa092118l-b69524838od-w480_h360_x2.webp?w=1080&q=75,"http://ap.rdcpix.com/63d0ca443292d3d8da154c42fa092118l-b69524838od-w480_h360_x2.webp?w=1080&q=75, http://ap.rdcpix.com/63d0ca443292d3d8da154c42fa092118l-b2621423730od-w480_h360_x2.webp?w=1080&q=75, http://ap.rdcpix.com/63d0ca443292d3d8da154c42fa092118l-b3573493201od-w480_h360_x2.webp?w=1080&q=75, http://ap.rdcpix.com/63d0ca443292d3d8da154c42fa092118l-b3545106973od-w480_h360_x2.webp?w=1080&q=75, http://ap.rdcpix.com/63d0ca443292d3d8da154c42fa092118l-b4280796053od-w480_h360_x2.webp?w=1080&q=75, http://ap.rdcpix.com/63d0ca443292d3d8da154c42fa092118l-b469148240od-w480_h360_x2.webp?w=1080&q=75, http://ap.rdcpix.com/63d0ca443292d3d8da154c42fa092118l-b2504021967od-w480_h360_x2.webp?w=1080&q=75, http://ap.rdcpix.com/63d0ca443292d3d8da154c42fa092118l-b187439763od-w480_h360_x2.webp?w=1080&q=75, http://ap.rdcpix.com/63d0ca443292d3d8da154c42fa092118l-b1748692007od-w480_h360_x2.webp?w=1080&q=75, http://ap.rdcpix.com/63d0ca443292d3d8da154c42fa092118l-b560771od-w480_h360_x2.webp?w=1080&q=75, http://ap.rdcpix.com/63d0ca443292d3d8da154c42fa092118l-b1036152077od-w480_h360_x2.webp?w=1080&q=75, http://ap.rdcpix.com/63d0ca443292d3d8da154c42fa092118l-b2502176091od-w480_h360_x2.webp?w=1080&q=75, http://ap.rdcpix.com/63d0ca443292d3d8da154c42fa092118l-b1893149122od-w480_h360_x2.webp?w=1080&q=75, http://ap.rdcpix.com/63d0ca443292d3d8da154c42fa092118l-b2412552318od-w480_h360_x2.webp?w=1080&q=75, http://ap.rdcpix.com/63d0ca443292d3d8da154c42fa092118l-b2040021232od-w480_h360_x2.webp?w=1080&q=75, http://ap.rdcpix.com/63d0ca443292d3d8da154c42fa092118l-b4248978325od-w480_h360_x2.webp?w=1080&q=75, http://ap.rdcpix.com/63d0ca443292d3d8da154c42fa092118l-b1231918308od-w480_h360_x2.webp?w=1080&q=75, http://ap.rdcpix.com/63d0ca443292d3d8da154c42fa092118l-b703781067od-w480_h360_x2.webp?w=1080&q=75, http://ap.rdcpix.com/63d0ca443292d3d8da154c42fa092118l-b3838991480od-w480_h360_x2.webp?w=1080&q=75, http://ap.rdcpix.com/63d0ca443292d3d8da154c42fa092118l-b1179319956od-w480_h360_x2.webp?w=1080&q=75, http://ap.rdcpix.com/63d0ca443292d3d8da154c42fa092118l-b272275413od-w480_h360_x2.webp?w=1080&q=75, http://ap.rdcpix.com/63d0ca443292d3d8da154c42fa092118l-b1738911238od-w480_h360_x2.webp?w=1080&q=75, http://ap.rdcpix.com/63d0ca443292d3d8da154c42fa092118l-b3181954317od-w480_h360_x2.webp?w=1080&q=75, http://ap.rdcpix.com/63d0ca443292d3d8da154c42fa092118l-b35813704od-w480_h360_x2.webp?w=1080&q=75, http://ap.rdcpix.com/63d0ca443292d3d8da154c42fa092118l-b2901876357od-w480_h360_x2.webp?w=1080&q=75, http://ap.rdcpix.com/63d0ca443292d3d8da154c42fa092118l-b2492155332od-w480_h360_x2.webp?w=1080&q=75, http://ap.rdcpix.com/63d0ca443292d3d8da154c42fa092118l-b1010030637od-w480_h360_x2.webp?w=1080&q=75, http://ap.rdcpix.com/63d0ca443292d3d8da154c42fa092118l-b371316315od-w480_h360_x2.webp?w=1080&q=75, http://ap.rdcpix.com/63d0ca443292d3d8da154c42fa092118l-b812435636od-w480_h360_x2.webp?w=1080&q=75, http://ap.rdcpix.com/63d0ca443292d3d8da154c42fa092118l-b3752669146od-w480_h360_x2.webp?w=1080&q=75, http://ap.rdcpix.com/63d0ca443292d3d8da154c42fa092118l-b841128165od-w480_h360_x2.webp?w=1080&q=75, http://ap.rdcpix.com/63d0ca443292d3d8da154c42fa092118l-b114434182od-w480_h360_x2.webp?w=1080&q=75"
https://www.realtor.com/realestateandhomes-detail/2442876371,MRCA,NDP2302735,SOLD,CONDOS,5164  Landis St,Apt 7,San Diego,CA,92105,2,1,,620,1979,66,374900,2023-04-16,385000,2023-06-21,,621,32.746291,-117.08435,1,185,,http://ap.rdcpix.com/70054216620136aa9800f67747ecf951l-m1767311366od-w480_h360_x2.webp?w=1080&q=75,"http://ap.rdcpix.com/70054216620136aa9800f67747ecf951l-m1767311366od-w480_h360_x2.webp?w=1080&q=75, http://ap.rdcpix.com/70054216620136aa9800f67747ecf951l-m2967169224od-w480_h360_x2.webp?w=1080&q=75, http://ap.rdcpix.com/70054216620136aa9800f67747ecf951l-m436490434od-w480_h360_x2.webp?w=1080&q=75, http://ap.rdcpix.com/70054216620136aa9800f67747ecf951l-m2151484548od-w480_h360_x2.webp?w=1080&q=75, http://ap.rdcpix.com/70054216620136aa9800f67747ecf951l-m77046705od-w480_h360_x2.webp?w=1080&q=75, http://ap.rdcpix.com/70054216620136aa9800f67747ecf951l-m136227064od-w480_h360_x2.webp?w=1080&q=75, http://ap.rdcpix.com/70054216620136aa9800f67747ecf951l-m3813998450od-w480_h360_x2.webp?w=1080&q=75, http://ap.rdcpix.com/70054216620136aa9800f67747ecf951l-m1941108054od-w480_h360_x2.webp?w=1080&q=75, http://ap.rdcpix.com/70054216620136aa9800f67747ecf951l-m2520049949od-w480_h360_x2.webp?w=1080&q=75"
https://www.realtor.com/realestateandhomes-detail/2379217919,MRCA,PW23069369,SOLD,SINGLE_FAMILY,255  Sunrise Dr,,San Ysidro,CA,92173,3,2,,1365,1953,27,535000,2023-04-25,530000,2023-05-22,5894,388,32.549396,-117.044527,1,0,,http://ap.rdcpix.com/d98bf327401f720e2c73a65c7d798b1el-m1985454492od-w480_h360_x2.webp?w=1080&q=75,"http://ap.rdcpix.com/d98bf327401f720e2c73a65c7d798b1el-m1985454492od-w480_h360_x2.webp?w=1080&q=75, http://ap.rdcpix.com/d98bf327401f720e2c73a65c7d798b1el-m690469611od-w480_h360_x2.webp?w=1080&q=75, http://ap.rdcpix.com/d98bf327401f720e2c73a65c7d798b1el-m939046478od-w480_h360_x2.webp?w=1080&q=75, http://ap.rdcpix.com/d98bf327401f720e2c73a65c7d798b1el-m2339320387od-w480_h360_x2.webp?w=1080&q=75, http://ap.rdcpix.com/d98bf327401f720e2c73a65c7d798b1el-m1184008477od-w480_h360_x2.webp?w=1080&q=75"
